obszar,lokacja,cena,przestrzeń_m2,cena_m2,ilość_pokoi
slaskie,"al. Legionów, Bytom, śląskie",270000,87,3103,3
slaskie,"Krasickiego, Dąbrowa Górnicza, śląskie",269000,39.9,6742,2
slaskie,"Rybnik, Boguszowice",250000,45.23,5527,2
slaskie,"Czeladź, Centrum, ul. Miasta Auby",258000,39.98,6453,2
slaskie,"Karola Olszewskiego 2, Jaworzno, śląskie",315000,68,4632,3
slaskie,"Ruda Śląska, Nowy Bytom",235000,45.8,5131,2
slaskie,"Dąbrowa Górnicza, Gołonóg",249000,52.6,4734,2
slaskie,"Sosnowiec, Środula",299000,59.3,5042,3
slaskie,"Jaworzno, śląskie",220000,40,5500,2
slaskie,"Jaworzno, śląskie",248000,48.6,5103,2
slaskie,"Mysłowice, Centrum, Mikołowska",329000,73,4507,4
slaskie,"Katowice, Osiedle Paderewskiego - Muchowiec, Muchowiec, Francuska",499000,43.1,11578,2
slaskie,"Bytom, Śródmieście, Plac Wojska Polskiego",219000,52.8,4148,3
slaskie,"Boliny, Mysłowice, śląskie",229000,63.9,3584,2
slaskie,"ul. Karola Szymanowskiego, Jaworzno, śląskie",210000,37.88,5544,1
slaskie,"Katowice, Dąbrówka Mała",259000,38,6816,1
slaskie,"Ruda Śląska, Halemba, ul. Solidarności",265000,46,5761,3
slaskie,"Wisła, śląskie",570000,53,10755,2
slaskie,"Sosnowiec, Centrum, ul. Akacjowa",275000,61.79,4451,3
slaskie,"Sosnowiec, Śródmieście, ul. Hanki Ordonówny",435000,108.78,3999,3
slaskie,"Sosnowiec, Dębowa Góra",289000,46.03,6279,3
slaskie,"Katowice, Śródmieście",429000,60,7150,4
slaskie,"Katowice, Centrum, ul. Zabrska",275000,25.68,10709,1
slaskie,"Zabrze, Centrum, ul. gen. Charlesa de Gaulle'a",249000,50,4980,2
slaskie,"ul. Bolesława Prusa, Bytom, śląskie",390000,150.62,2589,5
slaskie,"Gliwice, Kopernika, ul. Mikołaja Kopernika",310000,59,5254,3
slaskie,"Mysłowice, śląskie",129000,26.5,4868,1
slaskie,"Ruda Śląska, Godula, ul. Heleny Modrzejewskiej",287000,48,5979,3
slaskie,"Ruda Śląska, Wirek, ul. Obrońców Westerplatte",204000,47,4340,2
slaskie,"Zabrze, Mikulczyce, ul. Tarnopolska",269000,90.3,2979,3
slaskie,"Siemianowice Śląskie, Bytków, ul. Grunwaldzka",595000,78,7628,3
slaskie,"Jaworzno, Centrum, ul. Jana Matejki",309000,50.2,6155,2
slaskie,"Zabrze, Centrum, ul. gen. Zygmunta Padlewskiego",239000,44,5432,2
slaskie,"Katowice, śląskie",289900,30.02,9657,2
slaskie,"ul. Halna, Szczyrk, śląskie",894600,63.9,14000,3
slaskie,"Gliwice, Zatorze, ul. Spółdzielcza",179999,34,5294,2
slaskie,"ul. Stanisława Wyspiańskiego, Gliwice, śląskie",390000,48,8125,2
slaskie,"Katowice, Śródmieście, Zabrska",557436,42.23,13200,2
slaskie,"Katowice, Śródmieście, Zabrska",395921,35.83,11050,2
slaskie,"Bielsko-Biała, śląskie",399000,55,7255,3
slaskie,"Katowice, Śródmieście",321000,25.68,12500,1
slaskie,"Katowice, Śródmieście, Zabrska",484428,44.24,10950,2
slaskie,"Katowice, Śródmieście, Zabrska",484428,44.24,10950,2
slaskie,"Gliwice, śląskie",258000,53.5,4822,3
slaskie,"Rybnik, śląskie",189000,37,5108,2
slaskie,"Chorzów, Batory",235000,48,4896,3
slaskie,"ul. Koszalińska, Sosnowiec, śląskie",,45.79,,2
slaskie,"ul. Koszalińska, Sosnowiec, śląskie",,76.83,,4
slaskie,"Mysłowice, Centrum",265000,38,6974,2
slaskie,"Katowice, Brynów-Zgrzebnioka, Brynów, ul. Władysława Orkana",599000,62.96,9514,2
slaskie,"Katowice, Osiedle Tysiąclecia, ul. Ułańska",530000,74.2,7143,4
slaskie,"Żory, śląskie",325000,56,5804,3
slaskie,"Sosnowiec, Zagórze, ul. Stefana Kisielewskiego",410000,69.5,5899,3
slaskie,"ul. gen. Charlesa de Gaulle'a 109, Zabrze, śląskie",254500,47.6,5347,3
slaskie,"ul. ks. bp. Herberta Bednorza, Pszczyna, śląskie",379900,56.7,6700,4
slaskie,"Katowice, Centrum, Góreckiego",685000,42.63,16068,2
slaskie,"Bytom, Karb, ul. Braci Śniadeckich",209000,62.21,3360,3
slaskie,"Częstochowa, Grabówka, ul. Bialska",623000,67.26,9263,3
slaskie,"Mikołów, Gniotek, ul. Podleska 50d",399000,35.26,11316,2
slaskie,"Ruda Śląska, Ruda",700000,67.61,10353,3
slaskie,"Jaworzno, Śródmieście, Os. Leopold, ul. Grunwaldzka",209000,38,5500,2
slaskie,"ul. ks. Włodzimierza Sedlaka, Sosnowiec, śląskie",414000,62.24,6652,3
slaskie,"ul. ks. Włodzimierza Sedlaka, Sosnowiec, śląskie",455000,72.47,6278,4
slaskie,"ul. ks. Włodzimierza Sedlaka, Sosnowiec, śląskie",215000,26.84,8010,1
slaskie,"Katowice, Brynów-Zgrzebnioka, ul. Ceglana",,43.06,,2
slaskie,"Gliwice, Szobiszowice, ul. Artura Grottgera",439000,100,4390,3
slaskie,"ul. Łąkowa, Zabrze, śląskie",,61.44,,3
slaskie,"Zabrze, Zaborze, ul. ks. Doktora Antoniego Korczoka",209000,42.9,4872,2
slaskie,"Jaworzno, Śródmieście, Os. Podłęże",385000,60,6417,3
slaskie,"Zabrze, Centrum",569000,67.4,8442,3
slaskie,"Jastrzębie-Zdrój, śląskie",188000,55.7,3375,3
slaskie,"ul. Kapelanów Wojskowych, Knurów, śląskie",275000,54,5093,3
slaskie,"al. Jana Nowaka-Jeziorańskiego, Kleszczów, gliwicki, śląskie",,99.01,,4
slaskie,"Zabrze, Grzybowice, Apatytowa",269000,33.24,8093,2
slaskie,"Katowice, Śródmieście",550000,99.71,5516,3
slaskie,"Bielsko-Biała, Kamienica",389900,37.5,10397,2
slaskie,"Bielsko-Biała, Mikuszowice Krakowskie",690000,136,5074,7
slaskie,"Katowice, śląskie",275000,50,5500,2
slaskie,"Bielsko-Biała, Lipnik, Wapienna",309000,34,9088,2
slaskie,"Ruda Śląska, Halemba, ul. Międzyblokowa",233000,39,5974,2
slaskie,"Katowice, Bogucice",1280000,67.08,19082,3
slaskie,"Piekary Śląskie, Dąbrówka Wielka, ul. Dąbrówki",490000,78.06,6277,4
slaskie,"Rydułtowy, śląskie",274000,67,4090,4
slaskie,"Częstochowa, Parkitka, ul. Okulickiego",318406,38.83,8200,2
slaskie,"ul. Józefa Chełmońskiego, Racibórz, śląskie",396317,54.29,7300,3
slaskie,"Katowice, Osiedle Tysiąclecia, ul. Bolesława Chrobrego",549000,73.7,7449,4
slaskie,"Katowice, Wełnowiec-Józefowiec, ul. Energetyków",639860,99.08,6458,4
slaskie,"Chorzów, Batory",395000,46,8587,2
slaskie,"Katowice, Janów - Nikiszowiec, ul. Zofii Nałkowskiej",357129.63,53.2,6713,3
slaskie,"Katowice, Janów - Nikiszowiec, ul. Zofii Nałkowskiej",442685.19,68.3,6481,4
slaskie,"Katowice, Osiedle Paderewskiego - Muchowiec, Dolina Trzech Stawów, ul. gen. Kazimierza Pułaskiego",456495.90,47.11,9690,2
slaskie,"Katowice, Osiedle Paderewskiego - Muchowiec, Dolina Trzech Stawów, ul. gen. Kazimierza Pułaskiego",4006600,135.67,29532,5
slaskie,"Katowice, Osiedle Paderewskiego - Muchowiec, Dolina Trzech Stawów, ul. gen. Kazimierza Pułaskiego",443394,43.47,10200,2
slaskie,"Katowice, Osiedle Paderewskiego - Muchowiec, Dolina Trzech Stawów, ul. gen. Kazimierza Pułaskiego",544782.30,56.17,9699,4
slaskie,"Katowice, Osiedle Paderewskiego - Muchowiec, Dolina Trzech Stawów, ul. gen. Kazimierza Pułaskiego",733606,61.17,11993,3
slaskie,"Katowice, Kostuchna",789000,88,8966,4
slaskie,"Tychy, Paprocany, Osiedle P",335000,55,6091,2
slaskie,"Bytom, Szombierki, ul. Srebrna",349000,60,5817,3
slaskie,"Żory, Korfantego, ul. Handlowa",455280,65.04,7000,3
slaskie,"Bielsko-Biała, Dębowiec, ul. Bliska",620000,69.76,8888,4
slaskie,"Bielsko-Biała, Dębowiec, ul. Bliska",1053000,128.47,8196,5
slaskie,"Sosnowiec, Sielec, ul. Klimontowska",409200,62,6600,3
slaskie,"Sosnowiec, Sielec, ul. Klimontowska",498089,80.99,6150,3
slaskie,"Katowice, Zarzecze, ul. Konrada Swinarskiego",849000,120,7075,4
slaskie,"Katowice, Zarzecze, ul. Sielawy",479000,90,5322,5
slaskie,"al. Aleja Wojciecha Korfantego, Zabrze, śląskie",,52.6,,2
slaskie,"Wojkowice, śląskie",188000,44.7,4206,3
slaskie,"Sosnowiec, Dańdówka, ul. Romualda Traugutta",399000,144,2771,6
slaskie,"Chorzów, Batory, ul. Podmiejska",255000,46.09,5533,2
slaskie,"Bielsko-Biała, Wapienica, Zwierzyniecka",530000,57.63,9197,3
slaskie,"Katowice, Koszutka, ul. Stefana Okrzei",399000,44,9068,4
slaskie,"ul. Stawy, Żywiec, śląskie",368000,53.73,6849,3
slaskie,"ul. gen. Rómmla, Kłobuck, śląskie",360425,55.45,6500,3
slaskie,"ul. Stawy, Żywiec, śląskie",371000,53.73,6905,3
slaskie,"Katowice, Osiedle Paderewskiego - Muchowiec, gen. W. Sikorskiego",,72.57,,3
slaskie,"Katowice, Dąb, Jabłoniowa",278000,38.1,7297,2
slaskie,"Sosnowiec, Zagórze, ul. Mielecka",249000,47.61,5230,2
slaskie,"Katowice, Śródmieście, ul. Sokolska",570000,38.39,14848,2
slaskie,"Gliwice, Zatorze, Chorzowska 17",199000,38,5237,2
slaskie,"Sosnowiec, Środula, ul. Marii Konopnickiej",349618,56.39,6200,3
slaskie,"ul. Chałupki, Chorzów, śląskie",299000,48,6229,3
slaskie,"os. Sikorskiego, Żory, śląskie",275000,72.21,3808,4
slaskie,"Żory, Powstańców Śląskich, os. Powstańców Śląskich",290000,56,5179,4
slaskie,"Olimpijska/al. Korfantego, Katowice, śląskie",,58.25,,3
slaskie,"Gliwice, Ostropa, Stara Cegielnia 18",388195,45.67,8500,2
slaskie,"Katowice, Dąb, ul. Złota",656272.50,67.31,9750,4
slaskie,"Rybnik, śląskie",259000,50,5180,2
slaskie,"Sosnowiec, Zagórze, Romana Dmowskiego",331594,44.81,7400,2
slaskie,"Katowice, Koszutka, ul. Sokolska",,75.73,,3
slaskie,"Tarnowskie Góry, Strzybnica, ul. Armii Krajowej",252000,44,5727,2
slaskie,"Olimpijska/al. Korfantego, Katowice, śląskie",,37.52,,2
slaskie,"Tychy, śląskie",329900,47,7019,3
slaskie,"Olimpijska/al. Korfantego, Katowice, śląskie",,116.73,,4
slaskie,"Katowice, Ligota-Panewniki, ul. Kijowska",,48.45,,2
slaskie,"ul. Franklina Roosevelta, Zabrze, śląskie",574280,58.6,9800,3
slaskie,"Sosnowiec, Pogoń, ul. Szpaków",509950,72.85,7000,3
slaskie,"Katowice, Osiedle Witosa, ul. Stanisława Kossutha",300000,36,8333,2
slaskie,"Czeladź, śląskie",275000,47.7,5765,2
slaskie,"Katowice, Wełnowiec-Józefowiec, ul. prof. Jana Mikusińskiego",,89.62,,3
slaskie,"Szpaków, Sosnowiec, śląskie",295650,40.5,7300,2
slaskie,"Katowice, Osiedle Paderewskiego - Muchowiec, gen. W. Sikorskiego",,114.62,,5
slaskie,"Tychy, Żwaków, ul. Myśliwska",295000,55,5364,2
slaskie,"Katowice, Brynów-Zgrzebnioka, Brynów, Dworska",498545,48.97,10181,2
slaskie,"Sosnowiec, Centrum, ul. Jana Kiepury",379168,55.76,6800,3
slaskie,"Katowice, Brynów-Zgrzebnioka, ul. Ceglana",,34.28,,1
slaskie,"ul. Dworska, Siemianowice Śląskie, śląskie",608250,79.84,7618,4
slaskie,"ul. Hugo Kołłątaja, Szczygłowice, Knurów, śląskie",249000,56.39,4416,2
slaskie,"Kościuszki, Chorzów, śląskie",,76.53,,4
slaskie,"Katowice, Centrum, al.Rozdzieńskiego",369000,59.4,6212,3
slaskie,"Częstochowa, Parkitka, ul. Okulickiego",512400,73.2,7000,3
slaskie,"al. Jana Nowaka-Jeziorańskiego, Kleszczów, śląskie",,104.88,,3
slaskie,"Ustroń, śląskie",369000,85,4341,4
slaskie,"Jastrzębie-Zdrój, śląskie",235000,55,4273,3
slaskie,"Rydułtowy, wodzisławski, śląskie",175000,38,4605,2
slaskie,"ul. Północna, Bytom, śląskie",472177,80.03,5900,4
slaskie,"Bielsko-Biała, Górne Przedmieście, ul. Browarna",585000,48.75,12000,2
slaskie,"Sosnowiec, Klimontów, ul. Gwiezdna",,59.34,,3
slaskie,"Sosnowiec, Sielec, ul. Klimontowska",,65.98,,3
slaskie,"Katowice, Śródmieście, ul. 3 Maja 38",440030,46.94,9374,2
slaskie,"Katowice, Kostuchna, ul. Bażantów",2300000,196.4,11711,6
slaskie,"Katowice, Zarzecze",522900,77.7,6730,5
slaskie,"ul. Dworska, Sosnowiec, śląskie",,35.76,,2
slaskie,"Kościuszki, Chorzów, śląskie",,32.08,,1
slaskie,"Częstochowa, Północ, ul. Fieldorfa-Nila",289000,33.3,8679,2
slaskie,"ul. Północna, Bytom, śląskie",464174,80.03,5800,4
slaskie,"Katowice, Osiedle Paderewskiego - Muchowiec, ul. Francuska",1299000,100.45,12932,4
slaskie,"Gliwice, Śródmieście, ul. Ignacego Daszyńskiego",,29.8,,1
slaskie,"Gliwice, Śródmieście, ul. Ignacego Daszyńskiego",,61.67,,3
slaskie,"Gliwice, Śródmieście, ul. Ignacego Daszyńskiego",,49.4,,2
slaskie,"Tychy, Śródmieście",249000,36.2,6878,2
slaskie,"Ruda Śląska, Wirek, ul. Jarzębinowa",299000,47,6362,3
slaskie,"Katowice, Wełnowiec-Józefowiec, ul. Energetyków",539670,72.54,7440,3
slaskie,"Katowice, Osiedle Paderewskiego - Muchowiec, gen. W. Sikorskiego",,26.27,,1
slaskie,"Czechowice-Dziedzice, śląskie",370000,55,6727,3
slaskie,"Gliwice, Wojska Polskiego",430000,58.68,7328,4
slaskie,"Bielsko-Biała, Hałcnów, ul. Krasnoludków",430300,66.2,6500,4
slaskie,"Bytom, Stroszek, ul. Strzelców Bytomskich",169000,56.46,2993,2
slaskie,"ul. Elektrownia, Bytom, śląskie",159000,46.1,3449,2
slaskie,"Katowice, Koszutka, Słoneczna",,95.69,,5
slaskie,"ul. Racjonalizatorów, Bytom, śląskie",120000,67.43,1780,2
slaskie,"Częstochowa, Centrum, ul. Waszyngtona",299000,43.9,6811,2
slaskie,"Bytom, Szombierki, ul. Orzegowska",189000,52.17,3623,3
slaskie,"Bielsko-Biała, Aleksandrowice, ul. Bukowa",398925,49.25,8100,3
slaskie,"Ruda Śląska, Ruda, ul. Porębska",288429,36.51,7900,2
slaskie,"Częstochowa, Raków, ul. Łukasińskiego",349000,57,6123,3
slaskie,"Katowice, Wełnowiec-Józefowiec, ul. Energetyków",394572,40.86,9657,2
slaskie,"ul. Karola Szymanowskiego, Siemianowice Śląskie, śląskie",,43.27,,2
slaskie,"Katowice, Koszutka, Słoneczna",,58.45,,3
slaskie,"Sosnowiec, Kazimierz",255000,60,4250,3
slaskie,"Bielsko-Biała, Górne Przedmieście, ul. Browarna 12",579000,48.1,12037,2
slaskie,"Gliwice, Ostropa, Stara Cegielnia 18",618240,77.28,8000,3
slaskie,"Częstochowa, śląskie",279500,42,6655,2
slaskie,"Jaworzno, śląskie",249000,52.68,4727,2
slaskie,"Ruda Śląska, Ruda, ul. Porębska",288429,36.51,7900,2
slaskie,"Armii Krajowej, Mysłowice, śląskie",220000,63,3492,2
slaskie,"Katowice, Ligota-Panewniki, ul. Kijowska",,54.72,,3
slaskie,"ul. Północna, Bytom, śląskie",341649,54.23,6300,3
slaskie,"Bytom, śląskie",530000,103,5146,4
slaskie,"Bielsko-Biała, Aleksandrowice",614864,74.08,8300,4
slaskie,"Katowice, Koszutka, Słoneczna",,69.26,,4
slaskie,"Katowice, Osiedle Paderewskiego - Muchowiec, gen. W. Sikorskiego",,90.31,,4
slaskie,"Częstochowa, Śródmieście, ul. Szymanowskiego",329000,48.56,6775,2
slaskie,"Chorzów, Klimzowiec",286000,44,6500,2
slaskie,"Architektów, Bielsko-Biała, śląskie",745000,116,6422,4
slaskie,"Mieczysława Stanclika, Bielsko-Biała, śląskie",650000,75.5,8609,3
slaskie,"Bielsko-Biała, Hałcnów, Deszczowa",650000,124.76,5210,4
slaskie,"Katowice, Koszutka, Słoneczna",,39.23,,2
slaskie,"Sosnowiec, Zagórze",139000,29,4793,1
slaskie,"Katowice, Piotrowice - Ochojec, ul. Rzepakowa",1083855,114.09,9500,5
slaskie,"Wiejska, Chorzów, śląskie",225000,43.5,5172,2
slaskie,"Wojkowice, śląskie",229000,48.5,4722,2
slaskie,"Zabrze, Centrum, ul. Juliana Tuwima",219900,28,7854,1
slaskie,"Bytom, Szombierki, ul. Maurycego Mochnackiego",259000,42.3,6123,2
slaskie,"Zabrze, Mikulczyce, Bałtycka 2a",364614,54.42,6700,3
slaskie,"ul. Brzoskwiniowa, Tychy, śląskie",,54.28,,3
slaskie,"ul. Brzoskwiniowa, Tychy, śląskie",,25.83,,1
slaskie,"Zabrze, Mikulczyce",349000,69.16,5046,4
slaskie,"Katowice, Dąbrówka Mała, ul. Wiertnicza",602070,85.4,7050,4
slaskie,"Podlas, Ruda Śląska, śląskie",229000,41,5585,2
slaskie,"Ruda Śląska, Godula, ul. Podlas",265000,51,5196,3
slaskie,"Zabrze, Grzybowice, Apatytowa",533000,76.34,6982,4
slaskie,"Ruda Śląska, Ruda, ul. Porębska",287876,36.44,7900,2
slaskie,"ul. 3 Maja, Zabrze, śląskie",269000,42,6405,3
slaskie,"Katowice, Bogucice, ul. Nadgórników",,56.36,,3
slaskie,"ul. Łagodna, Czechowice-Dziedzice, śląskie",549000,84.81,6473,3
slaskie,"Chorzów, Klimzowiec, Działkowa",399195,59.14,6750,3
slaskie,"ul. Brzoskwiniowa, Tychy, śląskie",,38.29,,2
slaskie,"Gliwice, Śródmieście, ul. Ignacego Daszyńskiego",,93.89,,4
slaskie,"Gliwice, Śródmieście, ul. Ignacego Daszyńskiego",,49.4,,2
slaskie,"Gliwice, Śródmieście, ul. Ignacego Daszyńskiego",,69.13,,3
slaskie,"Sosnowiec, Pogoń, ul. Szpaków",295650,40.5,7300,2
slaskie,"Katowice, Bogucice, ul. Nadgórników",,29.47,,1
slaskie,"Gliwice, Stare Gliwice, ul. Kozielska 199",699000,167,4186,5
slaskie,"Katowice, Brynów-Zgrzebnioka, ul. Ceglana",,67.87,,4
slaskie,"Katowice, Brynów-Zgrzebnioka, Brynów, ul. Ligocka",225000,27,8333,1
slaskie,"Katowice, Piotrowice - Ochojec, ul. Rzepakowa",397652,44.68,8900,2
slaskie,"Kłobuck, śląskie",211250,32.5,6500,2
slaskie,"Grabowa, Tychy, śląskie",,92.94,,4
slaskie,"Gliwice, Sikornik",310000,46.21,6709,2
slaskie,"Katowice, Ligota-Panewniki, ul. Kijowska",,34.65,,1
slaskie,"Katowice, Dąbrówka Mała, ul. Strzelców Bytomskich",660000,95,6947,6
slaskie,"Katowice, Koszutka, ul. Sokolska",,78.69,,4
slaskie,"Moniuszki 8, Tychy, śląskie",299000,50.4,5933,3
slaskie,"ul. Pszowska, Wodzisław Śląski, śląskie",289000,53.9,5362,3
slaskie,"Kościuszki, Chorzów, śląskie",,48.42,,2
slaskie,"Bielsko-Biała, Hałcnów, ul. Krasnoludków",490420,79.1,6200,4
slaskie,"Sosnowiec, Zagórze, Romana Dmowskiego",536200,76.6,7000,4
slaskie,"Katowice, Osiedle Tysiąclecia, Osiedle Tysiąclecia",395000,47,8404,3
slaskie,"ul. Karola Szymanowskiego, Siemianowice Śląskie, śląskie",,65.07,,4
slaskie,"Katowice, Brynów-Zgrzebnioka, ul. Ceglana",,33.83,,2
slaskie,"Katowice, Centrum, ul. Tadeusza Kościuszki",390000,43,9070,1
slaskie,"Katowice, Ligota-Panewniki, ul. Kijowska",,91.54,,4
slaskie,"Zawiercie, śląskie",240000,47,5106,3
slaskie,"Katowice, Centrum, ul. Tadeusza Kościuszki",315000,35,9000,1
slaskie,"Bielsko-Biała, Straconka",650000,70.65,9200,3
slaskie,"ul. Karola Hermisza, Zabrze, śląskie",359000,73.5,4884,4
slaskie,"ul. Łąkowa, Zabrze, śląskie",,89.84,,4
slaskie,"Sosnowiec, Środula, ul. Seweryna Goszczyńskiego",296000,61.16,4840,3
slaskie,"Częstochowa, Parkitka, ul. Jasińskiego",375600,50.08,7500,2
slaskie,"Dąbrowa Górnicza, Centrum, Wyszyńskiego 5",325000,49.8,6526,2
slaskie,"Kościuszki, Chorzów, śląskie",,50.91,,3
slaskie,"Bielsko-Biała, śląskie",447000,56,7982,3
slaskie,"Mysłowice, śląskie",330000,48.1,6861,3
slaskie,"Rybnik, śląskie",219900,40.15,5477,2
slaskie,"Ruda Śląska, Kochłowice",339000,53,6396,3
slaskie,"Siemianowice Śląskie, Bytków",260000,60,4333,2
slaskie,"Chorzów, śląskie",239800,39.1,6133,2
slaskie,"Józefa Rudzkiego, Bytom, śląskie",239000,42.25,5657,2
slaskie,"Rybnik, Niedobczyce",199800,40.16,4975,2
slaskie,"Chorzowska 17, Gliwice, śląskie",212000,30,7067,1
slaskie,"ul. Łąkowa, Zabrze, śląskie",,44,,2
slaskie,"Zabrze, Grzybowice, Apatytowa",429000,60.12,7136,3
slaskie,"Bytom, Centrum",215000,73.22,2936,3
slaskie,"Jaworzno, śląskie",475000,65.17,7289,2
slaskie,"Ustroń, śląskie",330000,36,9167,2
slaskie,"Częstochowa, Północ, ul. Kukuczki",320000,51,6275,2
slaskie,"Bytom, Śródmieście",429000,90,4767,4
slaskie,"os. XXX-lecia PRL, Wodzisław Śląski, śląskie",315000,55,5727,3
slaskie,"Katowice, Bogucice, ul. Nadgórników",,42.81,,2
slaskie,"Katowice, Osiedle Tysiąclecia",379000,57,6649,3
slaskie,"os. Cypriana Kamila Norwida, Mikołów, śląskie",225000,45.4,4956,3
slaskie,"Cieszyn, śląskie",463000,62.4,7420,3
slaskie,"Chorzów, śląskie",256312,27.86,9200,1
slaskie,"Ruda Śląska, Bykowina",288000,47.88,6015,2
slaskie,"Czeladź, Piaski",229000,50.2,4562,2
slaskie,"Katowice, Bogucice, ul. Nadgórników",,73.32,,4
slaskie,"Dąbrowa Górnicza, Gołonóg",349000,64.6,5402,3
slaskie,"Dąbrowa Górnicza, Gołonóg",279000,47.8,5837,3
slaskie,"Sosnowiec, Maczki",189000,35.42,5336,2
slaskie,"Katowice, Murcki, ul. Roberta Mruczka",420000,75,5600,3
slaskie,"ul. Jagodowa, Zabrze, śląskie",275000,60,4583,3
slaskie,"Henryka Sienkiewicza, Dąbrowa Górnicza, śląskie",169000,35.3,4788,2
slaskie,"Dąbrowa Górnicza, Mydlice",330000,49,6735,2
slaskie,"Sosnowiec, Zagórze, Koszalińska",330000,72,4583,3
slaskie,"Katowice, Centrum, Francuska 14",650000,96,6771,2
slaskie,"Sosnowiec, Zagórze",244900,37,6619,3
slaskie,"Olimpijska/al. Korfantego, Katowice, śląskie",,25.19,,1
slaskie,"Świętochłowice, Zgoda",212000,34.2,6199,2
slaskie,"Katowice, Brynów-Zgrzebnioka, ul. Ceglana",,79.42,,4
slaskie,"Częstochowa, Podjasnogórska",496930,80.15,6200,4
slaskie,"Bielsko-Biała, Kamienica",410000,63,6508,3
slaskie,"Katowice, Załęże, ul. Johna Baildona 18C",665000,51,13039,3
slaskie,"Częstochowa, Dźbów, ul. Dźbowska 77",680000,89,7640,3
slaskie,"ul. Brzoskwiniowa, Tychy, śląskie",,71.67,,4
slaskie,"Bytom, Stroszek, Tysiąclecia",249000,48.1,5177,3
slaskie,"Katowice, Piotrowice - Ochojec, ul. Rzepakowa",684614,86.66,7900,4
slaskie,"Bielsko-Biała, Złote Łany, ul. Jutrzenki",270000,33,8182,1
slaskie,"ul. Karola Szymanowskiego, Siemianowice Śląskie, śląskie",,58.74,,3
slaskie,"Gliwice, Śródmieście, Centrum, ul. Jana Kochanowskiego",716500,78.9,9081,4
slaskie,"ul. Jana Rymarkiewicza, Zabrze, śląskie",199999,42.3,4728,2
slaskie,"Gliwice, Zatorze, ul. Jarosława Dąbrowskiego",768000,86,8930,4
slaskie,"Gliwice, Sośnica, ul. ks. dr. Antoniego Korczoka",389000,53,7340,3
slaskie,"ul. Kozielska, Gliwice, śląskie",579000,54.71,10583,4
slaskie,"Katowice, Osiedle Paderewskiego - Muchowiec, gen. W. Sikorskiego",,35.55,,2
slaskie,"Józefa Brudnego, Pszczyna, śląskie",360000,66.3,5430,3
slaskie,"Częstochowa, Tysiąclecie",278000,53,5245,2
slaskie,"ul. Kozielska, Gliwice, śląskie",355000,64,5547,3
slaskie,"ul. Jeziorna, Siewierz, śląskie",,42.48,,2
slaskie,"Gliwice, Łabędy",375000,63.74,5883,3
slaskie,"ul. Kazimierza Kopczyńskiego, Bielsko-Biała, śląskie",650000,82.2,7908,5
slaskie,"ul. Nadrzeczna, Ustroń, śląskie",859000,94.3,9109,5
slaskie,"Będzin, Syberka",169900,18,9439,1
slaskie,"Zabrze, Centrum",398000,67,5940,3
slaskie,"ul. Bukowina, Orzesze, śląskie",134000,31.13,4305,2
slaskie,"Tychy, Żwaków, ul. Żorska",450000,42,10714,2
slaskie,"ul. Koszalińska, Sosnowiec, śląskie",,60.19,,3
slaskie,"Zawiercie, śląskie",334000,44,7591,2
slaskie,"Sosnowiec, Sielec, ul. Klimontowska",,80,,4
slaskie,"Katowice, Brynów-Zgrzebnioka, ul. Ceglana",,57.9,,3
slaskie,"Ruda Śląska, Wirek, ul. Obrońców Westerplatte",215000,47.5,4526,2
slaskie,"ul. Orląt Lwowskich 11, Bytom, śląskie",300000,75.62,3967,3
slaskie,"Bielsko-Biała, Złote Łany",239000,29,8241,1
slaskie,"Bielsko-Biała, Kamienica",799000,77.03,10373,4
slaskie,"Pszczyna, śląskie",527000,85,6200,4
slaskie,"Częstochowa, Parkitka, ul. Jasińskiego",432375,57.65,7500,3
slaskie,"Katowice, Osiedle Paderewskiego - Muchowiec, Osiedle Paderewskiego, Graniczna",489000,63,7762,3
slaskie,"Katowice, Dąb, Brzoskwiniowa",249000,35.7,6975,2
slaskie,"Katowice, śląskie",692386,80.51,8600,4
slaskie,"Katowice, Koszutka",381100,41.2,9250,2
slaskie,"Katowice, Koszutka",567460,66.76,8500,3
slaskie,"Katowice, śląskie",439976,51.16,8600,2
slaskie,"Katowice, śląskie",635145,60.49,10500,3
slaskie,"Katowice, śląskie",541268,59.48,9100,3
slaskie,"Katowice, śląskie",453984,47.29,9600,3
slaskie,"Bielsko-Biała, Osiedle Kopernika",270000,46,5870,3
slaskie,"Katowice, Dąbrówka Mała, ul. Wiertnicza",483097,63.15,7650,3
slaskie,"Zabrze, Centrum, ul. Gdańska",264800,64,4138,3
slaskie,"Katowice, Osiedle Tysiąclecia",469000,60,7817,3
slaskie,"Bielsko-Biała, Hałcnów, ul. 13 Zakrętów",550000,101,5446,4
slaskie,"Siemianowice Śląskie, Bytków",177000,37,4784,3
slaskie,"Sosnowiec, Stary Sosnowiec, Daleka",299000,48,6229,3
slaskie,"Katowice, Brynów-Zgrzebnioka, Brynów, Brynowska",285000,42,6786,2
slaskie,"Katowice, Wełnowiec-Józefowiec, Józefowiec, Bytkowska",445578,43.26,10300,2
slaskie,"Katowice, Wełnowiec-Józefowiec, Józefowiec, Bytkowska",572376,68.14,8400,4
slaskie,"Katowice, Wełnowiec-Józefowiec, Józefowiec, Bytkowska",369810,35.22,10500,2
slaskie,"Katowice, Wełnowiec-Józefowiec, Józefowiec, Bytkowska",541632,64.48,8400,3
slaskie,"Katowice, Wełnowiec-Józefowiec, Józefowiec, Bytkowska",267696,25.74,10400,1
slaskie,"Katowice, Wełnowiec-Józefowiec, Józefowiec, Bytkowska",607603,68.67,8848,4
slaskie,"Katowice, Wełnowiec-Józefowiec, Józefowiec, Bytkowska",422478,43.11,9800,2
slaskie,"Katowice, Wełnowiec-Józefowiec, Józefowiec, Bytkowska",365660,38.9,9400,2
slaskie,"Gliwice, śląskie",197000,17.53,11238,1
slaskie,"Gliwice, śląskie",196800,17.52,11233,1
slaskie,"Gliwice, śląskie",195400,17.38,11243,1
slaskie,"Gliwice, śląskie",199100,17.73,11230,1
slaskie,"Katowice, Koszutka, ul. Sokolska",350000,50,7000,2
slaskie,"Katowice, Centrum, ul. Juliana Ordona",319000,37,8622,2
slaskie,"Katowice, Koszutka",319000,37,8622,2
slaskie,"Bytom, Rozbark, ul. Juliana Tuwima",310000,48.55,6385,3
slaskie,"os. Księcia Władysława, Żory, śląskie",276000,55.7,4955,3
slaskie,"Katowice, Dąb, ul. Johna Baildona",730000,56,13036,3
slaskie,"ul. Szmaragdowa, Piekary Śląskie, śląskie",240000,48.7,4928,2
slaskie,"Katowice, Kostuchna, ul. Bażantów",899000,75,11987,2
slaskie,"Czeladź, śląskie",259000,46.2,5606,2
slaskie,"Chorzów, śląskie",529000,69.27,7637,4
slaskie,"al. Bielska, Tychy, śląskie",,38.1,,2
slaskie,"Dąbrowa Górnicza, Reden, ul. Elizy Orzeszkowej",189000,34,5559,1
slaskie,"Rybnik, śląskie",539000,140,3850,5
slaskie,"Świętochłowice, Podgórze",349000,62.8,5557,3
slaskie,"Świętochłowice, Lipiny",175000,32.7,5352,2
slaskie,"al. Bielska, Tychy, śląskie",,27.27,,1
slaskie,"Katowice, Śródmieście",649000,108.33,5991,4
slaskie,"Sosnowiec, Centrum",220000,51.35,4284,2
slaskie,"Sosnowiec, Pogoń, ul. Szpaków",295650,40.5,7300,2
slaskie,"Katowice, Brynów-Zgrzebnioka, ul. Ceglana",,77.76,,3
slaskie,"Sosnowiec, Centrum, ul. Jagiellońska",285000,63.95,4457,3
slaskie,"Katowice, Dąbrówka Mała, ul. Wiertnicza",414128,57.92,7150,2
slaskie,"Sosnowiec, Zagórze, Romana Dmowskiego",266030,35.95,7400,1
slaskie,"ks. Józefa Niedzieli, Ruda Śląska, śląskie",249000,49,5082,2
slaskie,"Katowice, Dąb, ul. Złota",412090,40.6,10150,2
slaskie,"Gliwice, Zatorze, Żółkiewskiego 2",248600,56.5,4400,3
slaskie,"ul. Katowicka, Jastrzębie-Zdrój, śląskie",299000,70.01,4271,4
slaskie,"blisko Parku Śląskiego, Chorzów, śląskie",268700,37.8,7108,2
slaskie,"Katowice, Osiedle Tysiąclecia",284500,37,7689,1
slaskie,"Ustroń, Centrum",830000,72,11528,3
slaskie,"ul. Klimontowska, Sosnowiec, śląskie",,65.89,,4
slaskie,"Katowice, Piotrowice - Ochojec, ul. Rzepakowa",288000,30,9600,1
slaskie,"Gliwice, Politechnika",370000,68.6,5394,3
slaskie,"Bytom, Centrum, ul. Katowicka",215000,97.41,2207,3
slaskie,"Katowice, Piotrowice - Ochojec, ul. Rzepakowa",501266,61.13,8200,3
slaskie,"Siemianowice Śląskie, Bańgów, ul. Bańgowska",,58.02,,1
slaskie,"Chorzów, Stary Chorzów, ul. 17 Sierpnia",485769,75,6477,4
slaskie,"Rybnik, Śródmieście",660000,73.13,9025,3
slaskie,"Czeladź, Centrum, ul. Felicjana Sławoja Składkowskiego",375000,73,5137,3
slaskie,"ul. Dworska, Sosnowiec, śląskie",,55.26,,3
slaskie,"Bytom, śląskie",,37.51,,2
slaskie,"Ruda Śląska, śląskie",,45.34,,2
slaskie,"ul. Króla Stefana Batorego, Racibórz, śląskie",312000,47.3,6596,3
slaskie,"ul. Franklina Roosevelta, Zabrze, śląskie",315000,31.5,10000,1
slaskie,"Rybnik, Zamysłów, ul. Niedobczycka",322395,38.82,8305,2
slaskie,"Sosnowiec, Centrum, ul. Jana Kiepury",419696,61.72,6800,3
slaskie,"Sosnowiec, Milowice, ul. Słoneczna",309855,47.67,6500,2
slaskie,"Sosnowiec, Zagórze, ul. Mielecka",453000,61.92,7316,3
slaskie,"Bielsko-Biała, Aleksandrowice, ul. Bukowa",392867,49.73,7900,3
slaskie,"generała Władysława Andersa, Gliwice, śląskie",468434,51.2,9149,1
slaskie,"ul. Józefa Chełmońskiego, Racibórz, śląskie",284154,36.43,7800,2
slaskie,"Bielsko-Biała, Dębowiec, ul. Bliska",630000,70.32,8959,3
slaskie,"Będzin, Warpie, ul. Krakowska",460000,73,6301,4
slaskie,"Będzin, Zamkowe",274720,40.4,6800,2
slaskie,"Gliwice, Śródmieście, ul. Ignacego Daszyńskiego",,49.3,,2
slaskie,"Gliwice, Szobiszowice, ul. Józefa Uszczyka",608750,97.4,6250,3
slaskie,"Katowice, Wełnowiec-Józefowiec, ul. prof. Jana Mikusińskiego",,59.06,,3
slaskie,"Gliwice, Sośnica, ul. Młodzieżowa",247910,38.14,6500,2
slaskie,"Częstochowa, Parkitka, ul. Małopolska",334407,42.33,7900,2
slaskie,"ul. Łagodna, Bielsko-Biała, śląskie",620165,68.15,9100,3
slaskie,"Mysłowice, Janów Miejski, ul. Fryderyka Chopina",,54.4,,3
slaskie,"Szczyrk, śląskie",629262,48.78,12900,3
slaskie,"Częstochowa, Parkitka, Łowicka",501291,68.67,7300,3
slaskie,"Częstochowa, Parkitka, ul. Okulickiego",582880,72.86,8000,3
slaskie,"Bielsko-Biała, Górne Przedmieście, ul. Browarna",1071470,98.3,10900,4
slaskie,"al. Bielska, Tychy, śląskie",,53.02,,3
slaskie,"al. Bielska, Tychy, śląskie",,65.31,,4
slaskie,"Nad Kanałem, Zabrze, śląskie",859000,124.89,6878,5
slaskie,"Strzelców Bytomskich, Bytom, śląskie",300000,59.85,5013,3
slaskie,"ul. Jeziorna, Siewierz, śląskie",,52.45,,3
slaskie,"Nad Kanałem, Zabrze, śląskie",495000,70.55,7016,4
slaskie,"Będzin, Syberka",199000,35,5686,2
slaskie,"Mysłowice, Wesoła, Wiosny Ludów",205000,32,6406,1
slaskie,"Reymonta, Mysłowice, śląskie",185000,35.7,5182,1
slaskie,"Robotnicza, Mysłowice, śląskie",175000,35,5000,1
slaskie,"Mysłowice, Brzezinka, Boczna",259000,48,5396,2
slaskie,"Wielka Skotnica, Mysłowice, śląskie",280000,47,5957,2
slaskie,"Mysłowice, śląskie",230000,39,5897,2
slaskie,"ul. Klimontowska, Sosnowiec, śląskie",,44.56,,2
slaskie,"ul. Klimontowska, Sosnowiec, śląskie",,29.34,,1
slaskie,"Katowice, Centrum, ul. Jana III Sobieskiego",549000,72.97,7524,2
slaskie,"Gliwice, Łabędy, ul. Zygmuntowska",380000,57.8,6574,3
slaskie,"Katowice, Wełnowiec-Józefowiec, Józefowiec, Bytomska",1100000,358,3073,8
slaskie,"Katowice, Janów - Nikiszowiec, ul. Oswobodzenia",335000,50,6700,3
slaskie,"Tychy, Śródmieście, ul. Mikołaja Kopernika",489000,82,5963,3
slaskie,"Gliwice, śląskie",310000,50,6200,3
slaskie,"Gliwice, śląskie",299000,48.53,6161,2
slaskie,"Gliwice, śląskie",380000,73.95,5139,4
slaskie,"ul. Samuela Huldczyńskiego, Zawiercie, śląskie",215000,33.7,6380,1
slaskie,"Gliwice, śląskie",350000,63,5556,3
slaskie,"Gliwice, śląskie",310000,47.2,6568,2
slaskie,"Bytom, Centrum, ul. dr. Józefa Rostka",397000,94.16,4216,4
slaskie,"Katowice, Ligota-Panewniki, Ligota, ul. Piotrowicka",499000,52.37,9528,2
slaskie,"Chorzów, Centrum, ul. Władysława Truchana",299000,100.29,2981,3
slaskie,"ul. Klimontowska, Sosnowiec, śląskie",,53.34,,3
slaskie,"Bytom, Miechowice, ul. Alojzego Felińskiego 25",185000,50.1,3693,2
slaskie,"Gliwice, Osiedle Sikornik, ul. Krucza",450000,66,6818,3
slaskie,"Częstochowa, Ostatni Grosz",260000,48.5,5361,2
slaskie,"Żory, Korfantego, ul. Handlowa",445550,63.65,7000,3
slaskie,"Żory, Korfantego, ul. Handlowa",446810,63.83,7000,3
slaskie,"Żory, Korfantego, ul. Handlowa",432820,63.65,6800,3
slaskie,"Gliwice, Szobiszowice",300000,49,6122,2
slaskie,"ul. Stanisława Moniuszki, Bytom, śląskie",299000,78,3833,3
slaskie,"Katowice, Zawodzie, ul. 1 Maja",504000,70,7200,3
slaskie,"Gliwice, Sośnica, ul. Michała Drzymały",384000,48,8000,3
slaskie,"Tychy, śląskie",310000,45.48,6816,2
slaskie,"Gliwice, Ligota Zabrska",265650,48.3,5500,2
slaskie,"Gliwice, śląskie",265000,48.5,5464,2
slaskie,"Czeladź, śląskie",243000,46.2,5260,2
slaskie,"Gliwice, śląskie",375000,64.21,5840,3
slaskie,"Gliwice, śląskie",212000,30,7067,1
slaskie,"ul. Gliwicka, Bytom, śląskie",198000,37.2,5323,2
slaskie,"Mysłowice, Centrum, ul. Katowicka",330000,64,5156,3
slaskie,"Chorzów, Batory, ul. ks. Józefa Czempiela",305000,46,6630,3
slaskie,"Piekary Śląskie, Dąbrówka Wielka, ul. Dąbrówki",520000,85.03,6115,4
slaskie,"Piekary Śląskie, Dąbrówka Wielka, ul. Dąbrówki",563220,78.06,7215,4
slaskie,"Piekary Śląskie, Dąbrówka Wielka, ul. Dąbrówki",613310,85.03,7213,4
slaskie,"Ruda Śląska, Bykowina, ul. Szpaków",370000,63.5,5827,3
slaskie,"Cieszyn, śląskie",305000,51.79,5889,2
slaskie,"Sosnowiec, Centrum, Jagiellońska",286000,52,5500,3
slaskie,"Żory, Korfantego",299000,55,5436,3
slaskie,"Dąbrowa Górnicza, śląskie",234900,49,4794,2
slaskie,"os. Manhatan, Ustroń, śląskie",360000,44,8182,2
slaskie,"ul. 11 Listopada 11, Myszków, śląskie",272000,63,4317,4
slaskie,"Katowice, Ligota-Panewniki",326879,32.72,9990,2
slaskie,"Sosnowiec, Stary Sosnowiec",296000,60,4933,3
slaskie,"Dąbrowa Górnicza, Mydlice",269000,51,5275,2
slaskie,"Gliwice, Śródmieście, Centrum, Rybnicka",295000,35.49,8312,2
slaskie,"Gliwice, Zatorze, Dąbrowskiego",383500,62,6185,3
slaskie,"Gliwice, Śródmieście, Centrum, Zygmunta Starego",1240000,106,11698,3
slaskie,"Sosnowiec, Pogoń, ul. Szpaków",588000,84,7000,3
slaskie,"Chorzów, Chorzów II, ul. Gwarecka",286700,47.8,5998,2
slaskie,"Tychy, śląskie",320000,39,8205,2
slaskie,"Częstochowa, Tysiąclecie",225000,46,4891,2
slaskie,"Częstochowa, Północ",239000,50.9,4695,2
slaskie,"Częstochowa, Błeszno",235000,51.2,4590,2
slaskie,"Katowice, Koszutka",470000,41.2,11408,2
slaskie,"Jaworzno, Śródmieście, Os. Podwale",239700,36,6658,1
slaskie,"ul. Kaszubska, Jastrzębie-Zdrój, śląskie",189000,34.2,5526,1
slaskie,"ul. Bogoczowiec, Jastrzębie-Zdrój, śląskie",210000,60.3,3483,3
slaskie,"Żywiec, żywiecki, śląskie",300000,40,7500,2
slaskie,"Świętochłowice, Piaśniki",349000,63,5540,3
slaskie,"Bytom, Stroszek",279000,54,5167,3
slaskie,"Mysłowice, Wesoła",275000,46.41,5925,2
slaskie,"Kręta, Wisła, śląskie",760000,80,9500,3
slaskie,"Sosnowiec, Klimontów, ul. Kukułek",424982,57.43,7400,3
slaskie,"Dąbrowa Górnicza, Gołonóg",199999,37,5405,1
slaskie,"ul. Łagodna, Czechowice-Dziedzice, śląskie",459000,64.75,7089,3
slaskie,"Częstochowa, Śródmieście",259000,48.5,5340,2
slaskie,"Siemianowice Śląskie, śląskie",239000,40,5975,2
slaskie,"Bytom, Szombierki",339999,63.69,5338,3
slaskie,"Sosnowiec, Juliusz",249000,42,5929,2
slaskie,"Nad Kanałem, Zabrze, śląskie",366000,46.2,7922,3
slaskie,"ul. Papieża Jana Pawła II, Piekary Śląskie, śląskie",210000,48,4375,2
slaskie,"Katowice, Ligota-Panewniki, Ligota, Ziołowa",928000,116,8000,1
slaskie,"Turkusowa, Tychy, śląskie",450000,51,8824,2
slaskie,"Mikołów, Mokre, ul. Maków",950000,100,9500,3
slaskie,"Bielsko-Biała, Bielsko Południe, ul. Jana Kochanowskiego 39",399000,40.4,9876,2
slaskie,"Będzin, Syberka",189000,40.68,4646,2
slaskie,"Katowice, Osiedle Tysiąclecia, ul. Tysiąclecia",347500,48,7240,2
slaskie,"Katowice, Piotrowice - Ochojec, Ochojec",200000,32.84,6090,2
slaskie,"Bielsko-Biała, Górne Przedmieście, Cieszyńska/Browarna",649194,71.34,9100,3
slaskie,"Katowice, Dąb, ul. Złota",1329535,95.65,13900,4
slaskie,"Mysłowice, Janów Miejski, ul. Fryderyka Chopina",700000,59.64,11737,3
slaskie,"Gliwice, Osiedle Sikornik, ul. Perkoza",250000,41.2,6068,2
slaskie,"Tychy, Urbanowice",299000,60.9,4910,3
slaskie,"ul. gen. Rómmla, Kłobuck, śląskie",213330,32.82,6500,2
slaskie,"Zabrze, Centrum, ul. Staromiejska 58",750000,88,8523,4
slaskie,"Katowice, Centrum, ul. Francuska",470000,64.8,7253,3
slaskie,"Dąbrowa Górnicza, Reden, Majakowskiego",440000,62.5,7040,3
slaskie,"Katowice, Dąb, ul. Złota",485746.50,45.61,10650,2
slaskie,"ul. Dworska, Siemianowice Śląskie, śląskie",606750,78.8,7700,4
slaskie,"Gliwice, śląskie",,29.41,,1
slaskie,"Tarnowskie Góry, Stare Tarnowice",379000,49.4,7672,2
slaskie,"Gliwice, Sośnica, ul. Młodzieżowa 8",259900,29.64,8769,2
slaskie,"Katowice, Osiedle Tysiąclecia, ul. Ułańska",615000,71,8662,3
slaskie,"Tarnowskie Góry, Stare Tarnowice",379000,49.4,7672,2
slaskie,"Gliwice, Sośnica, ul. Młodzieżowa 8",259900,29.64,8769,2
slaskie,"Katowice, Osiedle Tysiąclecia, ul. Ułańska",615000,71,8662,3
slaskie,"Katowice, Dąb, ul. Złota",514117.50,52.73,9750,3
slaskie,"Katowice, Dąb, ul. Złota",766292,80.24,9550,4
slaskie,"Katowice, Dąb, ul. Złota",585492,60.36,9700,3
slaskie,"Częstochowa, Raków, ul. Mireckiego",159000,27.2,5846,1
slaskie,"Gliwice, Ostropa, Stara Cegielnia 18",509302,62.11,8200,3
slaskie,"ul. Wojciecha Korfantego, Radlin, śląskie",169000,48.8,3463,3
slaskie,"Siemianowice Śląskie, śląskie",420000,75.72,5547,4
slaskie,"Katowice, Bogucice, Leopolda Markiefki",449000,77.96,5759,3
slaskie,"Siemianowice Śląskie, Bytków, Oświęcimska",466560,57.6,8100,3
slaskie,"Katowice, Centrum, Sokolska",640000,86.65,7386,3
slaskie,"Katowice, Ligota-Panewniki, Ligota, Grunwaldzka",280000,50.67,5526,2
slaskie,"Chorzów, śląskie",460000,88.55,5195,4
slaskie,"Szczepańska, Chorzów, śląskie",350000,93.99,3724,3
slaskie,"Katowice, Piotrowice - Ochojec, Piotrowice",670000,69.38,9657,4
slaskie,"Bytom, Szombierki, ul. Orzegowska",225000,38.43,5855,2
slaskie,"Rybnik, śląskie",490000,61.9,7916,3
slaskie,"Gliwice, Wojska Polskiego, ul. Kozielska",375000,68.24,5495,3
slaskie,"Katowice, Osiedle Paderewskiego - Muchowiec, Dolina Trzech Stawów, Park Przy Stawach",523000,52.34,9992,3
slaskie,"Rybnik, Ligota",540000,102.55,5266,4
slaskie,"Sosnowiec, Środula, ul. Marii Konopnickiej",334552,53.96,6200,3
slaskie,"Gliwice, Szobiszowice, ul. Józefa Uszczyka",695000,113.65,6115,4
slaskie,"Gliwice, Szobiszowice, ul. Józefa Uszczyka",690000,111.33,6198,3
slaskie,"Katowice, Brynów-Zgrzebnioka, Brynów, Dworska",509180,51.25,9935,2
slaskie,"Katowice, Wełnowiec-Józefowiec, ul. prof. Jana Mikusińskiego",,42.64,,2
slaskie,"Gliwice, Stare Gliwice, Granitowa",363366,61.07,5950,3
slaskie,"Żory, Rogoźna, Paryska 7",499000,80.03,6235,3
slaskie,"Gliwice, Ostropa, Stara Cegielnia 18",428352,46.56,9200,2
slaskie,"Katowice, Piotrowice - Ochojec, Piotrowice, ul. Władysława Sobocińskiego",549000,56.69,9684,3
slaskie,"Katowice, Osiedle Paderewskiego - Muchowiec, Dolina Trzech Stawów",311000,28.53,10901,2
slaskie,"Zabrze, Centrum, Wyczółkowskiego ",185000,43,4302,2
slaskie,"ul. Franklina Roosevelta, Zabrze, śląskie",419000,41.9,10000,1
slaskie,"Częstochowa, Tysiąclecie, ul. Obrońców Westerplatte",339000,44,7705,3
slaskie,"Katowice, Dąb, Park Slaski, Zlota",704520,74.16,9500,3
slaskie,"Tychy, Śródmieście, ul. Stefana Grota-Roweckiego",270560,35.6,7600,1
slaskie,"Bielsko-Biała, Olszówka Dolna, ul. Pokoju",340000,31.23,10887,2
slaskie,"ul. Północna, Bytom, śląskie",341649,54.23,6300,3
slaskie,"Katowice, Zarzecze, ul. Konrada Swinarskiego",589000,115,5122,4
slaskie,"Bytom, Szombierki, ul. Srebrna",311500,52,5990,3
slaskie,"Bielsko-Biała, Dębowiec, ul. Bliska",643000,72.17,8910,4
slaskie,"Bielsko-Biała, Dębowiec, ul. Bliska",570000,63.95,8913,3
slaskie,"Katowice, Zarzecze, ul. Sielawy",479000,66,7258,3
slaskie,"Sosnowiec, Pogoń, ul. Szpaków",546000,78,7000,3
slaskie,"ul. Rybnicka 2, Gliwice, śląskie",599000,87,6885,6
slaskie,"os. Korfantego, Żory, śląskie",313000,56,5589,3
slaskie,"Katowice, Szopienice - Burowiec, gen.  Hallera",296000,59.52,4973,3
slaskie,"Będzin, Zamkowe, ul. Królowej Jadwigi",289800,46,6300,2
slaskie,"Katowice, Śródmieście",399000,53,7528,2
slaskie,"Bielsko-Biała, Górne Przedmieście, ul. Browarna",863280,78.48,11000,3
slaskie,"Tarnowskie Góry, Stare Tarnowice",259000,48.4,5351,2
slaskie,"Bielsko-Biała, Złote Łany",329000,46.14,7130,3
slaskie,"Wojska Polskiego, Bielsko-Biała, śląskie",585000,76.5,7647,3
slaskie,"Bielsko-Biała, Cygański Las",839000,71.5,11734,4
slaskie,"Zabrze, Centrum, 3maja 41of",515000,74.33,6929,3
slaskie,"Bielsko-Biała, Kamienica, ul. Janisława Grondysa",807000,84.51,9549,6
slaskie,"ul. Północna, Bytom, śląskie",456171,80.03,5700,4
slaskie,"Bielsko-Biała, Osiedle Słoneczne",370000,43.7,8467,2
slaskie,"Gliwice, śląskie",246000,36,6833,1
slaskie,"Częstochowa, Parkitka",585000,57.79,10123,3
slaskie,"Częstochowa, Parkitka",409608,56.89,7200,2
slaskie,"Katowice, Osiedle Paderewskiego - Muchowiec, gen. Józefa Sowińskiego",347600,44.43,7824,2
slaskie,"Katowice, Osiedle Tysiąclecia, Piastów",350000,58.6,5973,3
slaskie,"Wesoła, Sosnowiec, śląskie",234000,46.16,5069,3
slaskie,"Czechowice-Dziedzice, śląskie",364000,64.11,5678,3
slaskie,"Ruda Śląska, Wirek",149000,39.7,3753,2
slaskie,"Katowice, Koszutka",409000,47.81,8555,2
slaskie,"Gliwice, Ostropa, Stara Cegielnia 18",618240,77.28,8000,3
slaskie,"Bielsko-Biała, Aleksandrowice",629680,74.08,8500,4
slaskie,"Bielsko-Biała, Aleksandrowice, ul. Bukowa",345912,39.76,8700,2
slaskie,"ul. Sielecka, Będzin, śląskie",135000,34.5,3913,2
slaskie,"Gliwice, Politechnika, ul. Pszczyńska 51",232000,20,11600,1
slaskie,"Katowice, Centrum, ul. Sokolska",999000,91.13,10962,3
slaskie,"Katowice, Piotrowice - Ochojec, ul. Zbożowa",516999,52.45,9857,3
slaskie,"Chorzów, Batory, ul. Wrocławska",242000,46,5261,2
slaskie,"gwiazdy, Katowice, śląskie",487000,63.17,7709,3
slaskie,"Orzesze, mikołowski, śląskie",180000,36,5000,2
slaskie,"Sosnowiec, Sielec, ul. Klimontowska",,56.25,,3
slaskie,"Świętochłowice, Piaśniki, ul. I. Krasickiego",280000,44.1,6349,2
slaskie,"Katowice, Osiedle Tysiąclecia, Bolesława Chrobrego",319990,38,8421,1
slaskie,"Bielsko-Biała, Kamienica, ul. Janisława Grondysa",750000,81.79,9170,3
slaskie,"Katowice, Kostuchna",300000,40,7500,2
slaskie,"Damrota 72, Tychy, śląskie",775376,84.28,9200,4
slaskie,"Dąbrowa Górnicza, Reden",185000,34.8,5316,2
slaskie,"ul. Daleka, Jaworzno, śląskie",229000,47.69,4802,2
slaskie,"Częstochowa, śląskie",419000,53,7906,3
slaskie,"Częstochowa, Wrzosowiak",453250,64.75,7000,3
slaskie,"Sosnowiec, śląskie",359000,62.83,5714,4
slaskie,"Ruda Śląska, Nowy Bytom, ul. Piotra Niedurnego",230000,46.5,4946,2
slaskie,"Tarnowskie Góry, śląskie",339000,48,7063,3
slaskie,"Sosnowiec, Stary Sosnowiec",299000,67,4463,3
slaskie,"ul. Okrężna, Chorzów, śląskie",599000,87,6885,3
slaskie,"Zbytków, śląskie",449000,67.84,6619,3
slaskie,"Kostkowice, śląskie",108900,21,5186,1
slaskie,"Żory, Powstańców Śląskich, os. Powstańców Śląskich",199999,34,5882,2
slaskie,"Bielsko-Biała, Olszówka Górna",389000,59.9,6494,3
slaskie,"Źródlana, Ustroń, śląskie",499000,52,9596,3
slaskie,"Rydułtowy, śląskie",199000,50,3980,2
slaskie,"Sosnowiec, Sielec, ul. Klimontowska",,61.61,,3
slaskie,"Bytom, Śródmieście, ul. Sądowa",185000,103,1796,5
slaskie,"Włodowice, śląskie",340000,78.5,4331,4
slaskie,"Chorzów, śląskie",192000,40,4800,2
slaskie,"Zabrze, Centrum",239000,60,3983,3
slaskie,"Katowice, Dąb, ul. Johna Baildona",1349000,128,10539,4
slaskie,"Katowice, Centrum, Wojciecha Korfantego",414700,47,8823,3
slaskie,"Katowice, Centrum",1667500,115,14500,3
slaskie,"Bytom, Miechowice",225000,63,3571,3
slaskie,"Częstochowa, Północ, ul. Czecha",335000,49.5,6768,2
slaskie,"Ruda Śląska, Nowy Bytom",153000,41,3732,2
slaskie,"Tarnowskie Góry, Śródmieście, ul. Ułańska",251320,62.83,4000,3
slaskie,"Częstochowa, Centrum, al. Aleja Najświętszej Maryi Panny",485000,119,4076,4
slaskie,"Jasna, Gliwice, śląskie",450000,68,6618,3
slaskie,"Sosnowiec, Pogoń, ul. Szpaków",509950,72.85,7000,3
slaskie,"Katowice, Bogucice",541409,65.23,8300,3
slaskie,"Bytom, Miechowice, ul. Reptowska",279000,57,4895,3
slaskie,"Jaworze Błatnia Residence, ul. Złota, Bielsko-Biała, śląskie",462280,71.12,6500,4
slaskie,"Jaworze  Błatnia Residence ul. Złota, Bielsko-Biała, śląskie",286590,34.95,8200,2
slaskie,"Gliwice, Stare Gliwice, ul. Hansa Christiana Andersena",432936,60.13,7200,3
slaskie,"Gliwice, Stare Gliwice, ul. Hansa Christiana Andersena",559919,83.57,6700,4
slaskie,"Gliwice, Stare Gliwice, ul. Hansa Christiana Andersena",454300,64.9,7000,3
slaskie,"Jaworze, Błatnia Residence, ul. Złota, Bielsko-Biała, śląskie",202556,25.64,7900,1
slaskie,"Gliwice, Stare Gliwice, ul. Hansa Christiana Andersena",680000,83,8193,3
slaskie,"Żory, Pawlikowskiego, os. Pawlikowskiego",249000,56,4446,3
slaskie,"Tarnowskie Góry, Opatowice, Limonkowa",510000,154,3312,4
slaskie,"Żory, Rogoźna, LUTOSŁAWSKIEGO 38",388120,62.6,6200,3
slaskie,"Chorzów, Batory, ul. Stefana Batorego",390000,60,6500,3
slaskie,"ul. Marii Konopnickiej, Bytom, śląskie",145000,37,3919,2
slaskie,"Wodzisław Śląski, śląskie",315000,64,4922,2
slaskie,"ul. Przemysłowa, Tychy, śląskie",479000,71,6746,4
slaskie,"Sosnowiec, śląskie",270000,47.09,5734,2
slaskie,"Katowice, Piotrowice - Ochojec, ul. Polarna",365000,63,5794,3
slaskie,"Bytom, Centrum",385000,78.69,4893,3
slaskie,"ul. Henryka Sienkiewicza, Zabrze, śląskie",550000,115,4783,4
slaskie,"ul. gen. Charlesa de Gaulle'a, Zabrze, śląskie",365000,52,7019,3
slaskie,"Rybnik, Maroko-Nowiny, ul. Dąbrówki",165000,32.31,5107,1
slaskie,"Sosnowiec, Klimontów, ul. Kukułek",438907,62.71,6999,3
slaskie,"Skłodowskiej, Racibórz, śląskie",130000,29.41,4420,1
slaskie,"Siemianowice Śląskie, Centrum, PCK",289000,46.9,6162,3
slaskie,"Gliwice, Obrońców Pokoju",375000,36.2,10359,2
slaskie,"Zabrze, Centrum, ul. Anieli Krzywoń 18",189000,38,4974,2
slaskie,"Gliwice, Obrońców Pokoju",665000,63.9,10407,4
slaskie,"Piekary Śląskie, śląskie",169000,39,4333,1
slaskie,"Żory, śląskie",219000,61,3590,3
slaskie,"Katowice, Dąb",332386,31.21,10650,1
slaskie,"Katowice, Dąb",332386,31.21,10650,1
slaskie,"Katowice, Dąb",1212080,87.2,13900,3
slaskie,"Katowice, Osiedle Paderewskiego - Muchowiec, Dolina Trzech Stawów",715007,71.86,9950,4
slaskie,"Katowice, Brynów-Zgrzebnioka, ul. Ceglana",1140805.50,111.58,10224,4
slaskie,"Katowice, Dąb, ZŁOTA 69",1299000,130,9992,6
slaskie,"Katowice, Dąb",332386,31.21,10650,1
slaskie,"Katowice, Dąb, ul. Złota 69",2540919.99,178.8,14211,4
slaskie,"Katowice, Śródmieście",3243250.77,234.03,13858,4
slaskie,"Katowice, Dąb",1329535,95.65,13900,4
slaskie,"Tychy, Mąkołowiec",514000,55.86,9202,3
slaskie,"Bielsko-Biała, Osiedle Beskidzkie, ul. Wadowicka",429000,57,7526,3
slaskie,"Dąbrowa Górnicza, Gołonóg, al. Józefa Piłsudskiego",330000,31,10645,2
slaskie,"Siemianowice Śląskie, Bańgów, ul. Bańgowska",,103.08,,4
slaskie,"Bielsko-Biała, Wapienica",799000,116,6888,5
slaskie,"Ruda Śląska, Halemba",321000,59.91,5358,3
slaskie,"Ruda Śląska, Godula",195000,46,4239,2
slaskie,"Ruda Śląska, Nowy Bytom",215000,46,4674,2
slaskie,"Katowice, Piotrowice - Ochojec, Ochojec",382000,61,6262,3
slaskie,"Częstochowa, Północ, ul. św. Brata Alberta",450000,64.2,7009,3
slaskie,"Rybnik, Ligota, ul. Stefana Żeromskiego",470000,79.09,5943,4
slaskie,"Ustroń, śląskie",452920,34.84,13000,2
slaskie,"ul. Źródlana, Ustroń, śląskie",476880,39.74,12000,2
slaskie,"Długosza, Lędziny, śląskie",459900,78.58,5853,3
slaskie,"ul. Nad Kanałem, Zabrze, śląskie",869000,124.89,6958,5
slaskie,"Ruda Śląska, Bykowina, ul. Józefa Pordzika",268000,56,4786,3
slaskie,"Sosnowiec, Śródmieście",599000,102.56,5840,3
slaskie,"Sosnowiec, Śródmieście, ul. Hanki Ordonówny",177000,59.05,2997,2
slaskie,"Katowice, Bogucice",480000,60,8000,3
slaskie,"Gliwice, śląskie",259000,25.84,10023,1
slaskie,"Będzin, Małobądz, ul. Topolowa",469500,68,6904,3
slaskie,"Sosnowiec, Kazimierz, ul. Wagowa",169000,32.28,5235,2
slaskie,"Knurów, śląskie",300000,40,7500,2
slaskie,"Gliwice, śląskie",,35.23,,1
slaskie,"Gliwice, Łabędy",610835.50,76.45,7990,3
slaskie,"Zabrze, Rokitnica, Józefa Wajzera",198000,36,5500,2
slaskie,"Częstochowa, Raków, Mireckiego",278432,53.1,5244,3
slaskie,"Gliwice, Sośnica, ul. Odrowążów",219000,42.78,5119,2
slaskie,"Osiedle Grzybowice, Zabrze, śląskie",533000,76.34,6982,4
slaskie,"ul. Grodziecka, Czeladź, śląskie",249000,53,4698,2
slaskie,"Sosnowiec, Sielec, ul. Klimontowska",283920,40.56,7000,2
slaskie,"ul. Cegielniana, Bytom, śląskie",489900,80,6124,4
slaskie,"ul. Stawowa, Cieszyn, śląskie",305000,51.79,5889,2
slaskie,"Rybnik, śląskie",416340,77.1,5400,3
slaskie,"Czeladź, Centrum, ul. Felicjana Sławoja Składkowskiego",370000,65,5692,3
slaskie,"Sosnowiec, Klimontów, ul. Kukułek",464054,62.71,7400,3
slaskie,"Jaworzno, Śródmieście, Os. Podłęże",420000,58,7241,2
slaskie,"Skłodowskiej-Curie Marii, Racibórz, śląskie",135000,28.5,4737,2
slaskie,"ul. Turystyczna, Jastrzębie-Zdrój, śląskie",286000,70,4086,4
slaskie,"ul. Łowicka, Jastrzębie-Zdrój, śląskie",239000,44.31,5394,3
slaskie,"Bytom, Centrum, Fryderyka Chopina",225000,41.76,5388,2
slaskie,"Kapicy, Siemianowice Śląskie, śląskie",259000,48,5396,2
slaskie,"Bytom, Stroszek, ul. Strzelców Bytomskich",97000,24,4042,1
slaskie,"Bytom, Śródmieście, Pułaskiego",205000,48.31,4243,2
slaskie,"ul. Osiedlowa, Ruda Śląska, śląskie",189000,48.2,3921,2
slaskie,"Będzin, Ksawera",219900,61,3605,3
slaskie,"Czeladź, Piaski",389000,89.33,4355,3
slaskie,"Jaworzno, śląskie",154000,26,5923,1
slaskie,"Sosnowiec, Zagórze",240000,46.5,5161,2
slaskie,"Chorzów, Batory",279000,52.3,5335,3
slaskie,"Bytom, Centrum, ul. Artura Grottgera",225000,36.92,6094,2
slaskie,"Katowice, Koszutka",340000,50,6800,3
slaskie,"Katowice, Dąbrówka Mała, ul. gen. Józefa Hallera",289000,38,7605,1
slaskie,"Goczałkowice-Zdrój, śląskie",839000,120,6992,4
slaskie,"Katowice, Janów - Nikiszowiec",319000,59.39,5371,3
slaskie,"ul. Trafalczyka, Siemianowice Śląskie, śląskie",285000,63,4524,3
slaskie,"Sosnowiec, Centrum, ul. Naftowa",349000,64,5453,3
slaskie,"Tarnowskie Góry, Stare Tarnowice, Osiedle Przyjaźń",419000,63.24,6626,3
slaskie,"Częstochowa, Trzech Wieszczów",250000,42,5952,2
slaskie,"ul. Lipowa, Gliwice, śląskie",547000,66.73,8197,4
slaskie,"Sosnowiec, Sielec, ul. Klimontowska",,60,,3
slaskie,"Częstochowa, Północ",299000,45.5,6571,3
slaskie,"Gliwice, śląskie",594000,79.05,7514,4
slaskie,"Ruda Śląska, Wirek, ul. Osiedlowa",200000,36,5556,2
slaskie,"ul. Lipowa, Gliwice, śląskie",487000,57.88,8414,3
slaskie,"Gliwice, Kopernika, ul. Galaktyki",415000,62,6694,3
slaskie,"Bielsko-Biała, Złote Łany, ul. Osadnicza",395000,52,7596,3
slaskie,"ul. Juliana Tuwima, Czeladź, śląskie",233000,48,4854,2
slaskie,"Bielsko-Biała, Lipnik",600000,66.64,9004,3
slaskie,"Katowice, Dąb, ul. Złota",413752.50,38.85,10650,2
slaskie,"Katowice, Dąb, ul. Złota",382377.50,35.57,10750,1
slaskie,"Częstochowa, Północ",436800,86,5079,3
slaskie,"Dąbrowa Górnicza, śląskie",329000,47,7000,2
slaskie,"Piekary Śląskie, śląskie",206700,42.3,4887,2
slaskie,"Świętochłowice, Centrum",259000,48.85,5302,2
slaskie,"Sosnowiec, Zagórze",299200,63.41,4718,3
slaskie,"Tychy, Wilkowyje",799000,78.79,10141,4
slaskie,"Czeladź, śląskie",194900,38.2,5102,2
slaskie,"Gliwice, Sośnica",254000,39.01,6511,2
slaskie,"Bielsko-Biała, Piastowskie",289000,46.3,6242,3
slaskie,"Czeladź, śląskie",177000,29.2,6062,1
slaskie,"Katowice, Koszutka",349000,50,6980,2
slaskie,"Chorzów, śląskie",316000,50.33,6279,2
slaskie,"Mikołów, Mokre, Maków",539000,77.49,6956,5
slaskie,"Sosnowiec, Centrum, Mościckiego",369000,78.55,4698,3
slaskie,"Wodzisławska 3, Pszczyna, śląskie",395000,69.85,5655,3
slaskie,"Częstochowa, Trzech Wieszczów",250000,50,5000,2
slaskie,"Skoczów, śląskie",390000,56.97,6846,3
slaskie,"Tychy, Wilkowyje, ul. Obywatelska",470000,57.96,8109,3
slaskie,"Katowice, Dąb, ul. Złota",343462.50,32.25,10650,1
slaskie,"Sosnowiec, Pogoń, Okolice Gospodarczej",255000,43,5930,2
slaskie,"Ruda Śląska, Nowy Bytom, Piotra Niedurnego",229000,46.5,4925,2
slaskie,"Gliwice, śląskie",199000,36.1,5512,1
slaskie,"Katowice, Piotrowice - Ochojec, Ochojec",249000,41.13,6054,2
slaskie,"Polna, Świętochłowice, śląskie",279000,51.35,5433,2
slaskie,"Marii Konopnickiej, Sosnowiec, śląskie",249000,35.2,7074,1
slaskie,"Czechowice-Dziedzice, śląskie",435960,72.66,6000,3
slaskie,"Gliwice, śląskie",379000,57.8,6557,3
slaskie,"Katowice, Giszowiec",235000,30.2,7781,1
slaskie,"Zabrze, Centrum",250000,47.1,5308,2
slaskie,"Chorzów, śląskie",420000,63,6667,3
slaskie,"Mikołów, mikołowski, śląskie",380000,74,5135,3
slaskie,"Wisła, śląskie",569000,46.62,12205,2
slaskie,"Wisła, śląskie",1090000,121.37,8981,3
slaskie,"Ustroń, śląskie",234900,33,7118,1
slaskie,"Ustroń, śląskie",491953,63.89,7700,4
slaskie,"Ustroń, śląskie",399000,72.8,5481,3
slaskie,"Cieszyn, cieszyński, śląskie",339900,60,5665,2
slaskie,"Ustroń, śląskie",561015,61.65,9100,2
slaskie,"Ustroń, śląskie",470000,39,12051,2
slaskie,"Ustroń, śląskie",474705,61.65,7700,4
slaskie,"Ustroń, śląskie",339000,57.12,5935,3
slaskie,"Ustroń, śląskie",999000,81.7,12228,3
slaskie,"Wisła, śląskie",699000,65.47,10677,3
slaskie,"Wisła, cieszyński, śląskie",799000,58.49,13660,2
slaskie,"Ustroń, śląskie",499000,104,4798,4
slaskie,"Ustroń, śląskie",528440,48.04,11000,3
slaskie,"Ustroń, śląskie",559345,59.2,9448,3
slaskie,"Ustroń, śląskie",699734,102.45,6830,4
slaskie,"Siemianowice Śląskie, Centrum",199000,54.13,3676,3
slaskie,"os. Pawlikowskiego, Żory, śląskie",255000,55.3,4611,3
slaskie,"Bytom, Centrum, ul. Sądowa",370000,92,4022,3
slaskie,"Sosnowiec, Pogoń, ul. Mariacka",155000,38,4079,2
slaskie,"Chorzów, Batory",140000,35.02,3998,2
slaskie,"Ruda Śląska, Halemba, ul. Solidarności",270000,47,5745,3
slaskie,"Ruda Śląska, Bykowina, ul. Kopalniana",299000,58,5155,3
slaskie,"Bytom, Śródmieście, ul. Bolesława Prusa",274900,54.22,5070,2
slaskie,"Bytom, Szombierki, ul. Orzegowska",225000,38.43,5855,2
slaskie,"Bytom, Śródmieście, ul. Orląt Lwowskich",396000,99.25,3990,4
slaskie,"Bytom, Centrum, ul. Dworcowa",389000,138.58,2807,4
slaskie,"ul. Dworcowa, Bytom, śląskie",189000,76.2,2480,2
slaskie,"ul. Pawła Ślęczka, Zabrze, śląskie",179000,37.22,4809,2
slaskie,"Sosnowiec, Bór, Biała Przemsza",189000,44,4295,3
slaskie,"Bytom, Centrum, ul. Dworcowa",399000,106.13,3760,4
slaskie,"Piekary Śląskie, Lipka",460644,66.76,6900,3
slaskie,"Piekary Śląskie, Lipka",353487,51.23,6900,3
slaskie,"ul. Franklina Roosevelta, Zabrze, śląskie",314000,31.4,10000,1
slaskie,"Rybnik, Zamysłów, ul. Niedobczycka",474066,66.15,7167,3
slaskie,"Sosnowiec, Centrum, ul. Jana Kiepury",379168,55.76,6800,3
slaskie,"ul. Krzemienna, Bielsko-Biała, śląskie",280757.70,31.23,8990,1
slaskie,"Sosnowiec, Milowice, ul. Słoneczna",416455,64.07,6500,3
slaskie,"Sosnowiec, Zagórze, ul. Mielecka",453000,61.92,7316,3
slaskie,"Bielsko-Biała, Aleksandrowice, ul. Bukowa",352440,39.6,8900,2
slaskie,"generała Władysława Andersa, Gliwice, śląskie",578906,66.73,8675,3
slaskie,"ul. Józefa Chełmońskiego, Racibórz, śląskie",200025,26.67,7500,2
slaskie,"Będzin, Warpie, ul. Krakowska",450000,70.6,6374,4
slaskie,"Będzin, Zamkowe",444720,65.4,6800,3
slaskie,"Szczyrk, śląskie",,72.71,,3
slaskie,"Katowice, Wełnowiec-Józefowiec, ul. prof. Jana Mikusińskiego",,42.64,,2
slaskie,"Gliwice, Sośnica, ul. Młodzieżowa",242550,38.5,6300,2
slaskie,"Częstochowa, Parkitka, ul. Małopolska",484068,62.06,7800,3
slaskie,"ul. Łagodna, Bielsko-Biała, śląskie",633795,68.15,9300,3
slaskie,"Mysłowice, Janów Miejski, ul. Fryderyka Chopina",,61.1,,3
slaskie,"Katowice, Janów - Nikiszowiec, Nikiszowiec, ul. Zofii Nałkowskiej",,70.6,,4
slaskie,"Szczyrk, śląskie",631584,48.96,12900,3
slaskie,"Częstochowa, Parkitka, Łowicka",846950,130.3,6500,4
slaskie,"Częstochowa, Parkitka, ul. Okulickiego",333564,39.71,8400,2
slaskie,"Gliwice, śląskie",,81.44,,4
slaskie,"Rydułtowy, śląskie",205000,54.3,3775,3
slaskie,"Rybnik, Chwałowice",225000,46.9,4797,2
slaskie,"Rybnik, Zamysłów, Niedobczycka",326451,40.96,7970,2
slaskie,"Rybnik, Zamysłów, Niedobczycka",366831,52.63,6970,3
slaskie,"Rybnik, Zamysłów, Niedobczycka",228960,26.16,8752,2
slaskie,"Rybnik, Maroko-Nowiny",175000,43.5,4023,2
slaskie,"Rybnik, śląskie",165000,57.01,2894,2
slaskie,"Rybnik, Maroko-Nowiny",260000,54.2,4797,3
slaskie,"Rybnik, śląskie",184000,36.5,5041,1
slaskie,"Rybnik, śląskie",379900,63.35,5997,3
slaskie,"Rybnik, Popielów",449000,113.46,3957,5
slaskie,"Rybnik, Piaski",399000,63.12,6321,3
slaskie,"Rybnik, Piaski",399000,63.12,6321,3
slaskie,"Rybnik, Boguszowice",280000,42.29,6621,2
slaskie,"Jastrzębie-Zdrój, śląskie",173000,33,5242,2
slaskie,"Gwarecka, Chorzów, śląskie",286700,47.8,5998,2
slaskie,"Beskidzka, Chorzów, śląskie",225000,47.17,4770,2
slaskie,"Wolności, Zabrze, śląskie",220000,52.5,4190,2
slaskie,"Radlin, śląskie",179000,38,4711,1
slaskie,"ul. Jeleniogórska, Częstochowa, śląskie",335000,58,5776,3
slaskie,"Sosnowiec, Środula",299000,52,5750,3
slaskie,"Czechowice-Dziedzice, śląskie",299000,44,6795,2
slaskie,"Zabrze, Centrum, ul. Dworcowa",245000,54.62,4486,2
slaskie,"Bielsko-Biała, śląskie",299000,53.04,5637,2
slaskie,"Bielsko-Biała, Osiedle  Karpackie, ul. Giewont",496000,72,6889,4
slaskie,"Częstochowa, Raków, Aleja Pokoju",205000,48.3,4244,2
slaskie,"Jastrzębie-Zdrój, ZDRÓJ, Zdrój",570000,88,6477,4
slaskie,"Tarnowskie Góry, śląskie",299000,48.5,6165,3
slaskie,"Knurów, śląskie",400000,45,8889,2
slaskie,"Bytom, Centrum, ul. Powstańców Warszawskich",279000,79.97,3489,3
slaskie,"Dąbrowa Górnicza, Łęknice, ul. Parkowa",620000,67.7,9158,3
slaskie,"Sosnowiec, Pogoń, ul. Szpaków",353500,50.5,7000,2
slaskie,"Mikołów, Nowy Świat, ul. Żwirki i Wigury",330000,60,5500,3
slaskie,"Częstochowa, Śródmieście, Al.NMP",263000,114,2307,3
slaskie,"ul. Sienkiewicza, Żywiec, śląskie",495000,71.6,6913,3
slaskie,"ul. Felicjana Sławoja Składkowskiego, Czeladź, śląskie",275000,50,5500,2
slaskie,"ul. Turystyczna, Jastrzębie-Zdrój, śląskie",210000,55.7,3770,3
slaskie,"Częstochowa, Raków, ul. Mireckiego",439000,63.7,6892,4
slaskie,"os. Powstańców Śląskich, Żory, śląskie",277000,70,3957,5
slaskie,"Katowice, Centrum, Francuska",474000,73,6493,3
slaskie,"Gliwice, Zatorze",498279,74.37,6700,3
slaskie,"Gliwice, Osiedle Sikornik, ul. Wilgi 1",310000,55.4,5596,2
slaskie,"Bielsko-Biała, Aleksandrowice",399000,34,11735,2
slaskie,"Ustroń, śląskie",433000,54,8019,3
slaskie,"Katowice, Piotrowice - Ochojec, Ochojec, ul. Fabryczna",314000,36,8722,2
slaskie,"Jaworzno, śląskie",230000,35.4,6497,2
slaskie,"Częstochowa, Parkitka, ul. Jasińskiego",,49.72,,2
slaskie,"Jastrzębie-Zdrój, Centrum",239000,62,3855,4
slaskie,"Chorzów, Pnioki, ul. dr. Ignacego Nowaka",295000,54,5463,2
slaskie,"Częstochowa, Północ",799000,72,11097,3
slaskie,"Chorzów, Centrum",399000,67.2,5938,3
slaskie,"Katowice, Osiedle Tysiąclecia",249999,28.1,8897,1
slaskie,"Chorzów, Centrum",439000,48,9146,3
slaskie,"Sosnowiec, Pogoń, ul. Szpaków",518000,74,7000,3
slaskie,"Sosnowiec, Pogoń, ul. Szpaków",295650,40.5,7300,2
slaskie,"Częstochowa, Wrzosowiak",242000,33.24,7280,2
slaskie,"ul. Zawiszy Czarnego, Gliwice, śląskie",400000,82.31,4860,3
slaskie,"Mikołów, Nowy Świat",529000,92.7,5707,4
slaskie,"Gliwice, Sikornik, ul. Ziębia",389000,57,6825,2
slaskie,"Mikołów, Centrum, os. Adama Mickiewicza",196500,41,4793,1
slaskie,"Bielsko-Biała, Górne Przedmieście, Cieszyńska/Browarna",615160,67.6,9100,3
slaskie,"Katowice, Osiedle Tysiąclecia, ul. Bolesława Chrobrego",339000,38,8921,1
slaskie,"ul. Granitowa, Jaworzno, śląskie",275000,51,5392,2
slaskie,"Ruda Śląska, Bykowina",459000,90,5100,3
slaskie,"Częstochowa, śląskie",287900,52.4,5494,2
slaskie,"Gliwice, Ostropa, Stara Cegielnia 18",540357,62.11,8700,3
slaskie,"Katowice, Dąb, ul. Złota",517920,53.12,9750,3
slaskie,"Częstochowa, Północ, Makuszyńskiego",334026,44.67,7478,2
slaskie,"Gliwice, Ostropa, Stara Cegielnia 18",577623,62.11,9300,3
slaskie,"ul. Uzdrowiskowa, Szczyrk, śląskie",660000,60,11000,2
slaskie,"Ruda Śląska, Bykowina, ul. Franciszka Wilka 6B",309900,51,6076,2
slaskie,"Katowice, Śródmieście, Adama Mickiewicza",470512,42.01,11200,2
slaskie,"Katowice, Śródmieście, Adama Mickiewicza",294036,25.68,11450,1
slaskie,"Katowice, Wełnowiec-Józefowiec, Wełnowiec, Słoneczna",421214,44.81,9400,2
slaskie,"Katowice, Osiedle Paderewskiego - Muchowiec, Muchowiec, gen. Stanisława Szeptyckiego",463536,42.92,10800,2
slaskie,"Katowice, Bogucice, Wiertnicza",465476,62.48,7450,3
slaskie,"Tadeusza Kościuszki, Chorzów, śląskie",308635,36.31,8500,2
slaskie,"Katowice, Wełnowiec-Józefowiec, Wełnowiec, Bytkowska",680568,81.02,8400,4
slaskie,"Sosnowiec, Sielec, Klimontowska",469812,66.64,7050,3
slaskie,"Katowice, Bogucice, al. Wojciecha Korfantego",408696,42.33,9655,2
slaskie,"Kozielska, Gliwice, śląskie",360733,40.31,8949,2
slaskie,"Bytom, Śródmieście",489000,127,3850,4
slaskie,"Laguna Beskidów, Zarzecze, śląskie",900000,47,19149,1
slaskie,"ul. Skrajna, Cieszyn, śląskie",415000,60.5,6860,3
slaskie,"Katowice, Giszowiec, ul. Wojciecha",310000,54,5741,3
slaskie,"Częstochowa, Parkitka, ul. Małopolska",338646,43.98,7700,3
slaskie,"Częstochowa, Parkitka, ul. Małopolska",339647,44.11,7700,2
slaskie,"Częstochowa, Parkitka, ul. Małopolska",464695,60.35,7700,3
slaskie,"Katowice, Wełnowiec-Józefowiec, ul. prof. Jana Mikusińskiego",,59.18,,3
slaskie,"Dąbrowa Górnicza, Centrum, Graniczna",536508,63.87,8400,3
slaskie,"Częstochowa, śląskie",268900,50.9,5283,2
slaskie,"Pawłowice, śląskie",185000,47.9,3862,2
slaskie,"Częstochowa, Wyczerpy, Wyczerpy Górne, Kontkiewicza",473000,65.1,7266,3
slaskie,"Sosnowiec, Zagórze",215000,36,5972,1
slaskie,"Sosnowiec, Sielec, Klimontowska 31",336900,59.6,5653,3
slaskie,"Siemianowice Śląskie, śląskie",60000,53.44,1123,3
slaskie,"Katowice, Śródmieście, ul. Zabrska",893790,99.31,9000,4
slaskie,"ul. Katowicka, Jastrzębie-Zdrój, śląskie",188000,55.7,3375,3
slaskie,"ul. Dębowa, Tychy, śląskie",424000,54.5,7780,2
slaskie,"ul. Orląt Lwowskich, Żywiec, śląskie",388600,58,6700,3
slaskie,"Gliwice, Ostropa, Stara Cegielnia 18",411030,45.67,9000,2
slaskie,"Gliwice, Sośnica, ul. Młodzieżowa",238644,37.88,6300,2
slaskie,"ul. Wrocławska, Bytom, śląskie",79450,34.46,2306,1
slaskie,"Radlin, śląskie",110000,37.43,2939,1
slaskie,"Gliwice, Sośnica",280000,48,5833,2
slaskie,"ul. Stefana Batorego, Bytom, śląskie",249000,154,1617,5
slaskie,"Katowice, Szopienice - Burowiec, Szopienice, ul. Wiosny Ludów",179999,30.5,5902,1
slaskie,"Mikołów, Centrum",337000,56,6018,3
slaskie,"Bielsko-Biała, śląskie",279000,44,6341,2
slaskie,"Bielsko-Biała, Osiedle Kopernika, ul. Jesionowa",389000,44.29,8783,3
slaskie,"Rybnik, śląskie",318900,69.1,4615,3
slaskie,"Częstochowa, Parkitka, ul. Małopolska",749999,60,12500,3
slaskie,"ul. Klimontowska, Sosnowiec, śląskie",,38.61,,2
slaskie,"Jodłowa, Świętochłowice, śląskie",249000,54.27,4588,2
slaskie,"Katowice, Osiedle Tysiąclecia, Tysiąclecia",649000,84,7726,4
slaskie,"Gliwice, Ostropa, Stara Cegielnia 18",477405,46.35,10300,3
slaskie,"Bytom, śląskie",202000,64,3156,3
slaskie,"Kamienna, Wisła, śląskie",739900,52.84,14003,2
slaskie,"Ruda Śląska, Halemba",525000,75.65,6940,3
slaskie,"Katowice, Osiedle Tysiąclecia, Tysiąclecia",395000,47.2,8369,2
slaskie,"ul. Rolna, Kozy, śląskie",416000,57.02,7296,3
slaskie,"Bytom, Centrum",179000,40,4475,2
slaskie,"ul. Rolna, Kozy, śląskie",425000,61.63,6896,3
slaskie,"osiedle Plaka, Wojkowice, śląskie",309000,51.9,5954,3
slaskie,"Katowice, Piotrowice - Ochojec, Piotrowice, Zbożowa 41",219000,29.1,7526,1
slaskie,"Bielsko-Biała, śląskie",345000,55,6273,2
slaskie,"Ruda Śląska, Kochłowice, ul. Lipowa",199000,51.2,3887,2
slaskie,"Gliwice, Ostropa, Stara Cegielnia 18",632808,62.04,10200,3
slaskie,"Tarnowskie Góry, Stare Tarnowice, ul. Włoska",280000,50.5,5545,2
slaskie,"Katowice, Piotrowice - Ochojec, ul. Zbożowa",,50.06,,3
slaskie,"Dąbrowa Górnicza, Ząbkowice",199900,42.9,4660,2
slaskie,"Katowice, Wełnowiec-Józefowiec, Józefowiec, Bytkowska",298500,25.71,11610,1
slaskie,"Częstochowa, Wrzosowiak",259900,38,6839,2
slaskie,"Bytom, Centrum",205000,49,4184,2
slaskie,"ul. Katowicka, Jastrzębie-Zdrój, śląskie",265000,70.5,3759,4
slaskie,"Katowice, Śródmieście, ul. Plebiscytowa",699000,124,5637,3
slaskie,"Częstochowa, Północ, ul. Makuszyńskiego",465000,66,7045,3
slaskie,"Ustroń, śląskie",550000,49,11224,3
slaskie,"Ustroń, śląskie",725000,76,9539,3
slaskie,"Skoczów, śląskie",267000,30,8900,1
slaskie,"Cieszyn, śląskie",380000,50,7600,2
slaskie,"Ustroń, śląskie",725000,76,9539,3
slaskie,"Częstochowa, Raków",449000,65,6908,4
slaskie,"Tychy, Mąkołowiec",259000,37,7000,2
slaskie,"ul. Opolska 6, Tarnowskie Góry, śląskie",187000,32,5844,2
slaskie,"Jastrzębie-Zdrój, śląskie",229000,55.7,4111,3
slaskie,"Tarnowskie Góry, Śródmieście, ul. Opolska",147000,28,5250,2
slaskie,"Bielsko-Biała, śląskie",370000,91.33,4051,4
slaskie,"Bystra, bielski, śląskie",370000,91.33,4051,4
slaskie,"Zabrze, Rokitnica",179000,45.33,3949,1
slaskie,"ul. Reptowska, Bytom, śląskie",228500,48,4760,3
slaskie,"Katowice, Centrum, ul. Henryka Dąbrowskiego",249500,25.2,9901,1
slaskie,"Rybnik, Śródmieście, ul. Wierzbowa",790000,111.43,7090,5
slaskie,"Sosnowiec, Klimontów",275500,29.34,9390,1
slaskie,"Sosnowiec, Klimontów",380000,42.46,8950,2
slaskie,"Sosnowiec, Klimontów",540000,65.89,8195,4
slaskie,"Sosnowiec, Klimontów",432000,50.47,8560,3
slaskie,"Mysłowice, Janów Miejski, ul. Fryderyka Chopina",,35.24,,1
slaskie,"Gliwice, Wójtowa Wieś, ul. Ignacego Daszyńskiego",699000,129.81,5385,5
slaskie,"Zabrze, Centrum, ul. Franciszkańska",289999,50.72,5718,2
slaskie,"Lipowa, śląskie",485000,78,6218,4
slaskie,"Zabrze, Centrum, ul. Wolności",659000,106.9,6165,3
slaskie,"Katowice, Załęże, ul. Gliwicka",198800,48.5,4099,3
slaskie,"Częstochowa, Parkitka, Częstochówka - Parkitka, ul. Poleska",510000,41,12439,2
slaskie,"Częstochowa, Parkitka, ul. Poleska",1250000,93,13441,3
slaskie,"Katowice, Śródmieście, Zabrska",440796,26.16,16850,1
slaskie,"Katowice, Śródmieście, Zabrska",469890,41.4,11350,2
slaskie,"Katowice, Śródmieście",321000,25.68,12500,1
slaskie,"Katowice, Śródmieście, Zabrska",590247,51.55,11450,3
slaskie,"Katowice, Śródmieście",676224,46.96,14400,2
slaskie,"Katowice, Bogucice, ul. Modrzewiowa",269000,36,7472,2
slaskie,"ul. Towarowa, Sosnowiec, śląskie",569000,60,9483,3
slaskie,"Dąbrowa Górnicza, Gołonóg",289000,60,4817,3
slaskie,"Zawiercie, śląskie",199000,37,5378,2
slaskie,"Sosnowiec, Sielec",210000,46,4565,2
slaskie,"Ruda Śląska, Bykowina",299000,49,6102,3
slaskie,"Ruda Śląska, Kochłowice",239000,44,5432,2
slaskie,"Dąbrowa Górnicza, Reden",199000,42,4738,2
slaskie,"Dąbrowa Górnicza, Mydlice",359000,62,5790,3
slaskie,"Dąbrowa Górnicza, Mydlice",375000,60.4,6209,3
slaskie,"Sosnowiec, Klimontów",265000,45,5889,3
slaskie,"Sosnowiec, Stary Sosnowiec",349000,62,5629,3
slaskie,"Zawiercie, zawierciański, śląskie",339000,75,4520,4
slaskie,"Będzin, Syberka",272000,47,5787,3
slaskie,"Dąbrowa Górnicza, Ząbkowice",179900,45,3998,2
slaskie,"Sosnowiec, Sielec",289000,49,5898,2
slaskie,"Sosnowiec, śląskie",275000,62,4435,3
slaskie,"Sosnowiec, Pogoń",249000,47,5298,2
slaskie,"Dąbrowa Górnicza, Centrum",240000,48,5000,2
slaskie,"Ruda Śląska, Halemba",270000,47,5745,3
slaskie,"Dąbrowa Górnicza, Centrum",175000,30,5833,1
slaskie,"Sosnowiec, Sielec",200000,42.66,4688,2
slaskie,"Dąbrowa Górnicza, Gołonóg",237000,52.5,4514,3
slaskie,"Sosnowiec, Dańdówka",239000,45,5311,3
slaskie,"Ruda Śląska, Godula",229000,38,6026,2
slaskie,"Sosnowiec, Centrum",289000,48,6021,4
slaskie,"Sosnowiec, Dębowa Góra",180000,43,4186,2
slaskie,"Dąbrowa Górnicza, Centrum",270000,53,5094,3
slaskie,"Sosnowiec, Niwka",230000,58.7,3918,3
slaskie,"Sosnowiec, Centrum",249000,32,7781,2
slaskie,"Dąbrowa Górnicza, Gołonóg",250000,45,5556,3
slaskie,"Dąbrowa Górnicza, Reden",225000,49,4592,2
slaskie,"Sosnowiec, Stary Sosnowiec",296000,59.2,5000,3
slaskie,"Sosnowiec, Środula",280000,62,4516,3
slaskie,"Jaworzno, Szczakowa",259000,46.11,5617,2
slaskie,"Sosnowiec, Środula",138000,25.93,5322,1
slaskie,"Ruda Śląska, Bykowina, ul. Szpaków",259000,63,4111,3
slaskie,"Gliwice, Ostropa, Stara Cegielnia 18",420164,45.67,9200,2
slaskie,"Cieszyn, śląskie",649000,59,11000,3
slaskie,"Tarnowskie Góry, Stare Tarnowice, ul. Juliana Skrzypczyka 40",620000,70,8857,3
slaskie,"Ruda Śląska, Ruda",350000,93,3763,4
slaskie,"Chorzów, Stary Chorzów",369000,79,4671,3
slaskie,"Ruda Śląska, Bielszowice",218000,48,4542,2
slaskie,"Ruda Śląska, Halemba, ul. Międzyblokowa",255000,46,5543,2
slaskie,"Zabrze, Centrum, ul. Panieńskie Skały",219000,55,3982,3
slaskie,"ul. Inwalidów Wojennych, Jaworzno, śląskie",279000,67.5,4133,2
slaskie,"Będzin, Syberka",195000,38,5132,2
slaskie,"Gliwice, Wójtowa Wieś, ul. Juliusza Ligonia",790000,124.9,6325,4
slaskie,"ul. Kapliczna, Sosnowiec, śląskie",424800,59,7200,3
slaskie,"Katowice, Wełnowiec-Józefowiec, Wełnowiec",512900,55.76,9198,3
slaskie,"Katowice, Wełnowiec-Józefowiec, Wełnowiec",632000,70.24,8998,3
slaskie,"Sosnowiec, Klimontów",455000,54.17,8399,3
slaskie,"Katowice, Wełnowiec-Józefowiec, Wełnowiec",342596,43.1,7949,2
slaskie,"Będzin, Syberka",285000,53.3,5347,3
slaskie,"Bytom, Łagiewniki",154995,33,4697,1
slaskie,"Bytom, Centrum",180000,42.5,4235,2
slaskie,"Sosnowiec, Zagórze",269000,58,4638,3
slaskie,"Katowice, Wełnowiec-Józefowiec, Wełnowiec",369000,35.22,10477,2
